{
    "servers": [
      {
        "ip": "192.168.1.1",
        "name": "Server1",
        "projects": [
          {
            "projectName": "CLS_net1",
            "instanceAvl": [
              "CLS_net1_ins1",
              "CLS_net1_ins2",
              "CLS_net1_ins3"
            ]
          },
          {
            "projectName": "CLS_net2",
            "instanceAvl": [
              "CLS_net2_ins1",
              "CLS_net2_ins2",
              "CLS_net2_ins3"
            ]
          },
          {
            "projectName": "CLS_net3",
            "instanceAvl": [
              "CLS_net3_ins1",
              "CLS_net3_ins2",
              "CLS_net3_ins3"
            ]
          }
        ]
      }
    ]
  }